id,name,category,brand,type,cpu,gpu,ram,ssd,screen,batteryWh,batteryRuntime,demand,stock,rating,reviews,promo_vi,promo_en,price,oldPrice,condition_vi,condition_en,badge_vi,badge_en,specs_vi,specs_en,variants_json,color,image,sourceUrl
1,"THINKPAD T14s GEN 2 – Laptop Doanh Nhân Cao Cấp | 32GB RAM, Core i7, Màn Hình FullHD Touch",laptop-cu,Lenovo,catalog,i7-1185G7,Intel Iris Xe Graphics,32GB,256GB,"14""",57,3-5 giờ,office,3,"4,7",12,Hàng tuyển chọn tại Laptop OSCAR,Laptop OSCAR selected device,13.500.000,15800000,Máy cũ,Máy cũ,Liên hệ xác nhận hàng,Contact to confirm,"i7-1185G7 | 32GB RAM | 256GB SSD | 14"" Touch FHD","i7-1185G7 | 32GB RAM | 256GB SSD | 14"" Touch FHD",,#f15a24,/product-images/098-thinkpad-t14s-gen-2-1-8896f4af23ce.png,https://nextgold.vn/thinkpad-t14s-gen-2/
2,"Dell Latitude 7400 2-in-1 | Laptop Doanh Nhân Cao Cấp – Xoay Gập 360° với Core i7/i5, 16GB RAM, 512GB SSD",laptop-cu,Dell,catalog,i7-8665U / i5-8365U,Intel UHD Graphics 620,16GB,512GB,"14""",78,4-6 giờ,office,3,"4,7",12,Hàng tuyển chọn tại Laptop OSCAR,Laptop OSCAR selected device,8.800.000,9800000,Máy cũ,Máy cũ,Liên hệ xác nhận hàng,Contact to confirm,"i7-8665U / i5-8365U | 16GB RAM | 512GB SSD | 14"" 2-in-1","i7-8665U / i5-8365U | 16GB RAM | 512GB SSD | 14"" 2-in-1","[{""label"":""Core i5 / 16GB / 512GB"",""cpu"":""i5-8365U"",""gpu"":""Intel UHD Graphics 620"",""ram"":""16GB"",""ssd"":""512GB"",""price"":8800000},{""label"":""Core i7 / 16GB / 512GB"",""cpu"":""i7-8665U"",""gpu"":""Intel UHD Graphics 620"",""ram"":""16GB"",""ssd"":""512GB"",""price"":9800000}]",#255f85,/product-images/096-dell-latitude-7400-2-in-1-4-74543a954a62.png,https://nextgold.vn/dell-latitude-7400-2-in-1/
3,"Dell Latitude 7420 2-in-1 | Laptop Doanh Nhân Cao Cấp Nhôm Nguyên Khối – Core i7, 16GB RAM, 512GB SSD",laptop-cu,Dell,catalog,i7-1185G7,Intel Iris Xe Graphics,16GB,512GB,"14""",63,4-6 giờ,office,3,"4,7",12,Hàng tuyển chọn tại Laptop OSCAR,Laptop OSCAR selected device,12.800.000,14800000,Máy cũ,Máy cũ,Liên hệ xác nhận hàng,Contact to confirm,"i7-1185G7 | 16GB RAM | 512GB SSD | 14"" 2-in-1","i7-1185G7 | 16GB RAM | 512GB SSD | 14"" 2-in-1",,#255f85,/product-images/097-dell-latitude-7420-2-in-1-i7-1185g7-1-41327e41c6ef.jpg,https://nextgold.vn/dell-latitude-7420-2-in-1/
4,"Dell XPS 13 9310 | Laptop Doanh Nhân Cao Cấp, Cảm Ứng Xoay Gập, i7-1165G7 / i7-1185G7",laptop-cu,Dell,catalog,i7-1165G7,Intel Iris Xe Graphics,8GB,256GB,"13.3""",51,4-7 giờ,office,3,"4,7",12,Hàng tuyển chọn tại Laptop OSCAR,Laptop OSCAR selected device,16.500.000,20500000,Máy cũ,Máy cũ,Liên hệ xác nhận hàng,Contact to confirm,"i7-1165G7 | 8GB RAM | 256GB SSD | 13.3"" Touch 2-in-1","i7-1165G7 | 8GB RAM | 256GB SSD | 13.3"" Touch 2-in-1","[{""label"":""Cấu hình 1"",""cpu"":""i7-1165G7"",""gpu"":""Intel Iris Xe Graphics"",""ram"":""8GB"",""ssd"":""256GB"",""price"":16500000},{""label"":""Cấu hình 2"",""cpu"":""i7-1185G7"",""gpu"":""Intel Iris Xe Graphics"",""ram"":""8GB"",""ssd"":""256GB"",""price"":17500000}]",#255f85,/product-images/089-dell-xps-13-9310-i7-1-2c2bec4a6c29.png,https://nextgold.vn/dell-xps-13-9310/
5,"ThinkPad X1 Carbon Gen 11 | Laptop Văn Phòng Cao Cấp, i7-1365U, 32GB RAM, 1TB SSD",laptop-cu,Lenovo,catalog,i7-1365U,Intel Iris Xe Graphics,32GB,1TB,"14""",57,4-7 giờ,student,3,"4,7",12,Hàng tuyển chọn tại Laptop OSCAR,Laptop OSCAR selected device,24.500.000,26500000,Máy cũ,Máy cũ,Liên hệ xác nhận hàng,Contact to confirm,"i7-1365U | 32GB RAM | 1TB SSD | 14""","i7-1365U | 32GB RAM | 1TB SSD | 14""",,#f15a24,/product-images/094-thinkpad-x1-carbon-gen-11-1-e70235255d60.png,https://nextgold.vn/thinkpad-x1-carbon-gen-11/
6,"Dell XPS 13 Plus 9320 – i7-1260P, 32GB RAM, 13.4” FHD+ Touch, Chip P Cao Cấp",laptop-cu,Dell,catalog,i7-1260P,Intel Iris Xe Graphics,32GB,256GB,"13.4""",55,3-5 giờ,office,3,"4,7",12,Hàng tuyển chọn tại Laptop OSCAR,Laptop OSCAR selected device,22.500.000,25500000,Máy cũ,Máy cũ,Liên hệ xác nhận hàng,Contact to confirm,"i7-1260P | 32GB RAM | 256GB SSD | 13.4"" Touch FHD","i7-1260P | 32GB RAM | 256GB SSD | 13.4"" Touch FHD",,#255f85,/product-images/097-dell-xps-13-plus-9320-i7-1260p-1-1-2c7c1cee225b.png,https://nextgold.vn/dell-xps-13-plus-9320/
7,"Surface Laptop Go 2 – i5-1035G1, 16GB RAM, 256GB NVMe, 12.4” 2K Touch",laptop-cu,Other,catalog,i5-1035G1,Intel Iris Plus Graphics,16GB,256GB,"12.4""",41,3-5 giờ,student,3,"4,7",12,Hàng tuyển chọn tại Laptop OSCAR,Laptop OSCAR selected device,9.500.000,12500000,Máy cũ,Máy cũ,Liên hệ xác nhận hàng,Contact to confirm,"i5-1035G1 | 16GB RAM | 256GB SSD | 12.4"" Touch 2K","i5-1035G1 | 16GB RAM | 256GB SSD | 12.4"" Touch 2K",,#4a5568,/product-images/098-surface-laptop-go-2-i5-1035g1-1-1-b9ef812cb0f5.png,https://nextgold.vn/surface-laptop-go-2/
8,"Dell XPS 15 9500 – i7-10750H, 32GB, GTX 1650Ti, 4K Touch Mỏng Nhẹ",laptop-cu,Dell,catalog,i7-10750H,GTX 1650Ti,32GB,256GB,"15.6""",86,2-4 giờ,gaming,3,"4,7",12,Hàng tuyển chọn tại Laptop OSCAR,Laptop OSCAR selected device,16.800.000,19800000,Máy cũ,Máy cũ,Liên hệ xác nhận hàng,Contact to confirm,"i7-10750H | 32GB RAM | 256GB SSD | 15.6"" Touch 4K | GTX 1650Ti","i7-10750H | 32GB RAM | 256GB SSD | 15.6"" Touch 4K | GTX 1650Ti",,#255f85,/product-images/091-dell-xps-15-9500-i7-10750h-ram-32gb-4-70bb4385e401.png,https://nextgold.vn/dell-xps-15-9500/
9,"Dell Precision 5560 Refurbished i7-11850H, RAM 64GB, Quadro T1200 4GB, FullHD+ Giá Chỉ 20.500.000 VNĐ",laptop-cu,Dell,catalog,i7-11850H,Quadro T1200 4GB,64GB,256GB,"15.6""",86,2-4 giờ,render,3,"4,7",12,Hàng tuyển chọn tại Laptop OSCAR,Laptop OSCAR selected device,20.500.000,25500000,Máy cũ,Máy cũ,Liên hệ xác nhận hàng,Contact to confirm,"i7-11850H | 64GB RAM | 256GB SSD | 15.6"" FHD | Quadro T1200","i7-11850H | 64GB RAM | 256GB SSD | 15.6"" FHD | Quadro T1200",,#255f85,/product-images/085-dell-precision-5560-nextgold-1-96166ba57df3.png,https://nextgold.vn/dell-precision-5560-refurbished/
10,"ThinkPad T15 Gen 2 – i5-1135G7, RAM 16GB, SSD 256GB, Giá Chỉ 8.8 Triệu",laptop-cu,Lenovo,catalog,i5-1135G7,Intel Iris Xe Graphics,16GB,256GB,"15.6""",57,4-7 giờ,office,3,"4,7",12,Hàng tuyển chọn tại Laptop OSCAR,Laptop OSCAR selected device,8.800.000,9800000,Máy cũ,Máy cũ,Liên hệ xác nhận hàng,Contact to confirm,"i5-1135G7 | 16GB RAM | 256GB SSD | 15.6""","i5-1135G7 | 16GB RAM | 256GB SSD | 15.6""",,#f15a24,/product-images/093-thinkpad-t15-gen-2-i5-1135g7-1-d26d00e80214.png,https://nextgold.vn/thinkpad-t15-gen-2/
11,"ThinkPad X1 Yoga Gen 6 – i7 1185G7, 16GB RAM, Touch 2in1, Giá Chỉ 14.5 Triệu",laptop-cu,Lenovo,catalog,i7-1185G7,Intel Iris Xe Graphics,16GB,256GB,"14""",57,3-5 giờ,student,3,"4,7",12,Hàng tuyển chọn tại Laptop OSCAR,Laptop OSCAR selected device,14.500.000,15500000,Máy cũ,Máy cũ,Liên hệ xác nhận hàng,Contact to confirm,"i7-1185G7 | 16GB RAM | 256GB SSD | 14"" Touch 2-in-1","i7-1185G7 | 16GB RAM | 256GB SSD | 14"" Touch 2-in-1",,#f15a24,/product-images/095-thinkpad-x1-yoga-gen-6-i7-1185g7-1-4943eec270d6.png,https://nextgold.vn/thinkpad-x1-yoga-gen-6/
12,"Dell XPS 13 9300 i5-1035G1, RAM 16GB, FullHD+, Giá Chỉ 11.5 Triệu",laptop-cu,Dell,catalog,i5-1035G1,Intel Iris Plus Graphics,16GB,256GB,"13.3""",52,4-7 giờ,office,3,"4,7",12,Hàng tuyển chọn tại Laptop OSCAR,Laptop OSCAR selected device,11.500.000,14500000,Máy cũ,Máy cũ,Liên hệ xác nhận hàng,Contact to confirm,"i5-1035G1 | 16GB RAM | 256GB SSD | 13.3"" FHD","i5-1035G1 | 16GB RAM | 256GB SSD | 13.3"" FHD",,#255f85,/product-images/088-dell-xps-13-9300-i5-1-228d3a0f7f24.png,https://nextgold.vn/dell-xps-13-9300/
13,"Dell Latitude 7410 2in1 – i7-10610U, RAM 16GB, Xoay Gập 360, Giá 9.8 Triệu",laptop-cu,Dell,catalog,i7-10610U,Intel UHD Graphics 620,16GB,256GB,"14""",52,3-5 giờ,office,3,"4,7",12,Hàng tuyển chọn tại Laptop OSCAR,Laptop OSCAR selected device,9.800.000,11800000,Máy cũ,Máy cũ,Liên hệ xác nhận hàng,Contact to confirm,"i7-10610U | 16GB RAM | 256GB SSD | 14"" 2-in-1","i7-10610U | 16GB RAM | 256GB SSD | 14"" 2-in-1",,#255f85,/product-images/068-dell-latitude-7410-i7-10610u-4-246e01100bd4.png,https://nextgold.vn/dell-latitude-7410-2in1/
14,"Dell Latitude 7320 2in1 – i5-1140G7, RAM 16GB, Touch Tháo Rời, Giá 13.5 Triệu",laptop-cu,Dell,catalog,i5-1140G7,Intel Iris Xe Graphics,16GB,256GB,"13.3""",40,3-5 giờ,office,3,"4,7",12,Hàng tuyển chọn tại Laptop OSCAR,Laptop OSCAR selected device,13.500.000,15500000,Máy cũ,Máy cũ,Liên hệ xác nhận hàng,Contact to confirm,"i5-1140G7 | 16GB RAM | 256GB SSD | 13.3"" Touch 2-in-1","i5-1140G7 | 16GB RAM | 256GB SSD | 13.3"" Touch 2-in-1",,#255f85,/product-images/067-dell-latitude-7320-i5-1140g7-1-b61b6c16523a.png,https://nextgold.vn/dell-latitude-7320-2in1/
15,"Dell Precision 3551 – i7-10850H, RAM 16GB, SSD 512GB, Giá 9.8 Triệu",laptop-cu,Dell,catalog,i7-10850H,Intel UHD Graphics 630,16GB,512GB,"15.6""",68,4-6 giờ,render,3,"4,7",12,Hàng tuyển chọn tại Laptop OSCAR,Laptop OSCAR selected device,9.800.000,11800000,Máy cũ,Máy cũ,Liên hệ xác nhận hàng,Contact to confirm,"i7-10850H | 16GB RAM | 512GB SSD | 15.6""","i7-10850H | 16GB RAM | 512GB SSD | 15.6""",,#255f85,/product-images/071-dell-precision-3551-i7-10850h-1-3ff1879a7794.png,https://nextgold.vn/dell-precision-3551/
16,"Dell Precision 3541 – i7-9850H, RAM 16GB, SSD 512GB, Giá 8.8 Triệu",laptop-cu,Dell,catalog,i7-9850H,Intel UHD Graphics 630,16GB,512GB,"15.6""",68,4-6 giờ,render,3,"4,7",12,Hàng tuyển chọn tại Laptop OSCAR,Laptop OSCAR selected device,8.800.000,11800000,Máy cũ,Máy cũ,Liên hệ xác nhận hàng,Contact to confirm,"i7-9850H | 16GB RAM | 512GB SSD | 15.6""","i7-9850H | 16GB RAM | 512GB SSD | 15.6""",,#255f85,/product-images/070-dell-precision-3541-i7-9850h-1-024d615c880b.png,https://nextgold.vn/dell-precision-3541/
17,"Dell Precision 5530 2in1 – i7, 4K Touch Xoay Gập 360, Giá 11.5 Triệu",laptop-cu,Dell,catalog,i7-8706G,Radeon Pro WX Vega M GL 4GB,16GB,512GB,"15.6""",75,4-6 giờ,render,3,"4,7",12,Hàng tuyển chọn tại Laptop OSCAR,Laptop OSCAR selected device,11.500.000,13500000,Máy cũ,Máy cũ,Liên hệ xác nhận hàng,Contact to confirm,"i7-8706G | 8GB RAM | 256GB SSD | 15.6"" Touch 4K 2-in-1","i7-8706G | 8GB RAM | 256GB SSD | 15.6"" Touch 4K 2-in-1",,#255f85,/product-images/073-dell-precision-5530-2in1-i7-8706g-1-32c393aa5758.png,https://nextgold.vn/dell-precision-5530-2in1/
18,"Dell XPS 15 9530 – i7-13700H, RAM 16GB, Card ARC A370M, Giá 24.8 Triệu",laptop-cu,Dell,catalog,i7-13700H,Intel Arc A370M,16GB,256GB,"15.6""",86,2-4 giờ,creator,3,"4,7",12,Hàng tuyển chọn tại Laptop OSCAR,Laptop OSCAR selected device,24.800.000,36000000,Máy cũ,Máy cũ,Liên hệ xác nhận hàng,Contact to confirm,"i7-13700H | 16GB RAM | 256GB SSD | 15.6"" | Intel Arc A370M","i7-13700H | 16GB RAM | 256GB SSD | 15.6"" | Intel Arc A370M",,#255f85,/product-images/077-dell-xps-15-9530-i7-13700h-1-3c05f30b91c1.png,https://nextgold.vn/dell-xps-15-9530/
19,Dell Latitude 9520 2in1 – Laptop Cảm Ứng Xoay Gập Cao Cấp Giá 11.8 Triệu,laptop-cu,Dell,catalog,i7-1185G7,Intel Iris Xe Graphics,8GB,256GB,"15""",60,4-6 giờ,office,3,"4,7",12,Hàng tuyển chọn tại Laptop OSCAR,Laptop OSCAR selected device,11.800.000,12800000,Máy cũ,Máy cũ,Liên hệ xác nhận hàng,Contact to confirm,"i7-1185G7 | 8GB RAM | 256GB SSD | 15"" Touch 2-in-1","i7-1185G7 | 8GB RAM | 256GB SSD | 15"" Touch 2-in-1",,#255f85,/product-images/069-dell-latitude-9520-i5-1145g7-1-f37bec9ca035.jpg,https://nextgold.vn/dell-latitude-9520/
20,"ThinkPad X1 Carbon Gen 6 Silver – i7-8650U, RAM 16GB, SSD 256GB, Màn 2K, Giá 8.5 Triệu",laptop-cu,Lenovo,catalog,i7-8650U,Intel UHD Graphics 620,16GB,256GB,"14""",57,3-5 giờ,student,3,"4,7",12,Hàng tuyển chọn tại Laptop OSCAR,Laptop OSCAR selected device,8.500.000,9800000,Máy cũ,Máy cũ,Liên hệ xác nhận hàng,Contact to confirm,"i7-8650U | 16GB RAM | 256GB SSD | 14"" 2K","i7-8650U | 16GB RAM | 256GB SSD | 14"" 2K",,#f15a24,/product-images/083-thinkpad-x1-carbon-gen-6-silver-i7-8650u-1-dbf4e1878ecb.png,https://nextgold.vn/thinkpad-x1-carbon-gen-6-silver/
21,"Dell Latitude 5420 – i7-1185G7, 32GB RAM, 512GB SSD, 14″ FullHD IPS",laptop-cu,Dell,catalog,i7-1185G7,Intel Iris Xe Graphics,32GB,512GB,"14""",63,4-6 giờ,office,3,"4,7",12,Hàng tuyển chọn tại Laptop OSCAR,Laptop OSCAR selected device,9.800.000,11800000,Máy cũ,Máy cũ,Liên hệ xác nhận hàng,Contact to confirm,"i7-1185G7 | 32GB RAM | 512GB SSD | 14"" FHD","i7-1185G7 | 32GB RAM | 512GB SSD | 14"" FHD",,#255f85,/product-images/066-dell-latitude-5420-i5-1145g7-1-c4b50485fe81.png,https://nextgold.vn/dell-latitude-5420/
22,"Dell XPS 15 9520 – i7-12700H, RTX 3050, Máy cũ Fullbox, Giá Chỉ 26 Triệu",laptop-cu,Dell,catalog,i7-12700H,RTX 3050,8GB,256GB,"15.6""",86,2-4 giờ,gaming,3,"4,7",12,Hàng tuyển chọn tại Laptop OSCAR,Laptop OSCAR selected device,26.000.000,35000000,Máy cũ,Máy cũ,Liên hệ xác nhận hàng,Contact to confirm,"i7-12700H | 8GB RAM | 256GB SSD | 15.6"" | RTX 3050","i7-12700H | 8GB RAM | 256GB SSD | 15.6"" | RTX 3050",,#255f85,/product-images/076-dell-xps-15-9520-i7-12700h-1-fb4ecdf0b223.png,https://nextgold.vn/dell-xps-15-9520/
23,"Dell Precision 5570 | Workstation Mỏng Nhẹ, Hiệu Năng Cao, i9-12900H, RTX A2000",laptop-cu,Dell,catalog,i9-12900H,RTX A2000,8GB,256GB,"15.6""",86,2-4 giờ,gaming,3,"4,7",12,Hàng tuyển chọn tại Laptop OSCAR,Laptop OSCAR selected device,24.500.000,28500000,Máy cũ,Máy cũ,Liên hệ xác nhận hàng,Contact to confirm,"i9-12900H | 8GB RAM | 256GB SSD | 15.6""","i9-12900H | 8GB RAM | 256GB SSD | 15.6""",,#255f85,/product-images/075-dell-precision-5570-i7-12700h-1-051a04b516f4.png,https://nextgold.vn/dell-precision-5570/
24,"ThinkPad X1 Carbon Gen 9 i5/i7, RAM 16GB, SSD 256GB/1TB, LTE – Giá Tốt Tại TP. HCM",laptop-cu,Lenovo,catalog,i5/i7 Gen 11,Intel Iris Xe Graphics,16GB,256GB,"14""",57,4-7 giờ,student,3,"4,7",12,Hàng tuyển chọn tại Laptop OSCAR,Laptop OSCAR selected device,11.800.000,12800000,Máy cũ,Máy cũ,Liên hệ xác nhận hàng,Contact to confirm,"i5/i7 Gen 11 | 16GB RAM | 256GB SSD | 14""","i5/i7 Gen 11 | 16GB RAM | 256GB SSD | 14""","[{""label"":""Cấu hình 1"",""cpu"":""i5"",""gpu"":""Intel Integrated Graphics"",""ram"":""16GB"",""ssd"":""256GB"",""price"":11800000},{""label"":""Cấu hình 2"",""cpu"":""i7 Gen 11"",""gpu"":""Intel Integrated Graphics"",""ram"":""16GB"",""ssd"":""256GB"",""price"":12500000}]",#f15a24,/product-images/084-thinkpad-x1-carbon-gen-9-i5-1135g7-1-921dcf2e438e.png,https://nextgold.vn/thinkpad-x1-carbon-gen-9/
25,"ThinkPad T14 Gen 3 – i7-1260P, RAM 16GB, Màn Hình Cảm Ứng, Giá Chỉ 12.8 Triệu",laptop-cu,Lenovo,catalog,i7-1260P,Intel Iris Xe Graphics,16GB,256GB,"14""",52,4-7 giờ,office,3,"4,7",12,Hàng tuyển chọn tại Laptop OSCAR,Laptop OSCAR selected device,12.800.000,13800000,Máy cũ,Máy cũ,Liên hệ xác nhận hàng,Contact to confirm,"i7-1260P | 16GB RAM | 256GB SSD | 14"" Touch","i7-1260P | 16GB RAM | 256GB SSD | 14"" Touch",,#f15a24,/product-images/079-thinkpad-t14-gen-3-nextgold-1-a965da996b4f.png,https://nextgold.vn/thinkpad-t14-gen-3/
26,"Dell Precision 5540 – i9-9980HK, RAM 32GB, 4K Touch, Giá Chỉ 13.8 Triệu",laptop-cu,Dell,catalog,i9-9980HK,NVIDIA Quadro T2000 4GB,32GB,512GB,"15.6""",97,2-4 giờ,render,3,"4,7",12,Hàng tuyển chọn tại Laptop OSCAR,Laptop OSCAR selected device,13.800.000,14800000,Máy cũ,Máy cũ,Liên hệ xác nhận hàng,Contact to confirm,"i9-9980HK | 32GB RAM | 256GB SSD | 15.6"" Touch 4K","i9-9980HK | 32GB RAM | 256GB SSD | 15.6"" Touch 4K",,#255f85,/product-images/074-dell-precision-5540-i9-9980hk-1-0af730c51335.png,https://nextgold.vn/dell-precision-5540/
27,"Dell Precision 5520 – Xeon E3, RAM 16GB, Quadro M1200, Giá Chỉ 8.9 Triệu",laptop-cu,Dell,catalog,Xeon E3,Quadro M1200,16GB,256GB,"15.6""",97,2-4 giờ,render,3,"4,7",12,Hàng tuyển chọn tại Laptop OSCAR,Laptop OSCAR selected device,8.900.000,9900000,Máy cũ,Máy cũ,Liên hệ xác nhận hàng,Contact to confirm,"Xeon E3 | 16GB RAM | 256GB SSD | 15.6"" | Quadro M1200","Xeon E3 | 16GB RAM | 256GB SSD | 15.6"" | Quadro M1200",,#255f85,/product-images/072-dell-precision-5520-xeon-e3-1-254586ed9c81.png,https://nextgold.vn/dell-precision-5520/
28,"ThinkPad E15 Gen 2 – i5-1135G7, RAM 16GB, Giá Chỉ 8.8 Triệu",laptop-cu,Lenovo,catalog,i5-1135G7,Intel Iris Xe Graphics,16GB,256GB,"15""",45,3-5 giờ,office,3,"4,7",12,Hàng tuyển chọn tại Laptop OSCAR,Laptop OSCAR selected device,8.800.000,9800000,Máy cũ,Máy cũ,Liên hệ xác nhận hàng,Contact to confirm,"i5-1135G7 | 16GB RAM | 256GB SSD | 15""","i5-1135G7 | 16GB RAM | 256GB SSD | 15""",,#f15a24,/product-images/078-thinkpad-e15-gen-2-nextgold-2-85ddeec49e6e.png,https://nextgold.vn/thinkpad-e15-gen-2/
29,"ThinkPad T490 – i7-10510U, RAM 16GB, Màn Hình Cảm Ứng, Giá Chỉ 8.5 Triệu",laptop-cu,Lenovo,catalog,i7-10510U,Intel UHD Graphics 620,16GB,256GB,"14""",50,4-7 giờ,office,3,"4,7",12,Hàng tuyển chọn tại Laptop OSCAR,Laptop OSCAR selected device,8.500.000,9500000,Máy cũ,Máy cũ,Liên hệ xác nhận hàng,Contact to confirm,"i7-10510U | 16GB RAM | 256GB SSD | 14"" Touch","i7-10510U | 16GB RAM | 256GB SSD | 14"" Touch",,#f15a24,/product-images/082-thinkpad-t490-i7-10510u-1-7ee516d33ffe.png,https://nextgold.vn/thinkpad-t490/
30,"ThinkPad T14s – i7-10610U, RAM 32GB, Màn Cảm Ứng, Giá Chỉ 10.5 Triệu",laptop-cu,Lenovo,catalog,i7-10610U,Intel UHD Graphics 620,32GB,256GB,"14""",57,4-7 giờ,office,3,"4,7",12,Hàng tuyển chọn tại Laptop OSCAR,Laptop OSCAR selected device,10.500.000,11800000,Máy cũ,Máy cũ,Liên hệ xác nhận hàng,Contact to confirm,"i7-10610U | 32GB RAM | 256GB SSD | 14"" Touch","i7-10610U | 32GB RAM | 256GB SSD | 14"" Touch",,#f15a24,/product-images/080-thinkpad-t14s-i7-10610u-1-c20f1ea582ea.png,https://nextgold.vn/thinkpad-t14s/
31,"ThinkPad T15 – i5-10310U, RAM 16GB, Màn Cảm Ứng, Giá Chỉ 8.8 Triệu",laptop-cu,Lenovo,catalog,i5-10310U,Intel UHD Graphics 620,16GB,256GB,"15.6""",57,4-7 giờ,office,3,"4,7",12,Hàng tuyển chọn tại Laptop OSCAR,Laptop OSCAR selected device,8.800.000,9800000,Máy cũ,Máy cũ,Liên hệ xác nhận hàng,Contact to confirm,"i5-10310U | 16GB RAM | 256GB SSD | 15.6"" Touch","i5-10310U | 16GB RAM | 256GB SSD | 15.6"" Touch",,#f15a24,/product-images/081-thinkpad-t15-i5-10310u-1-307a89e79301.png,https://nextgold.vn/thinkpad-t15/
32,Dell Precision 7550 – Máy Trạm Di Động Cho Kỹ Sư & Thiết Kế Đồ Họa,laptop-cu,Dell,catalog,i7-10850H,NVIDIA RTX 3000 6GB,8GB,256GB,"15.6""",95,2-4 giờ,render,3,"4,7",12,Hàng tuyển chọn tại Laptop OSCAR,Laptop OSCAR selected device,16.500.000,17500000,Máy cũ,Máy cũ,Liên hệ xác nhận hàng,Contact to confirm,"i7-10850H | 8GB RAM | 256GB SSD | 15.6""","i7-10850H | 8GB RAM | 256GB SSD | 15.6""","[{""label"":""Xeon / RTX 4000"",""cpu"":""Xeon W-10885M"",""gpu"":""NVIDIA RTX 4000 8GB"",""ram"":""16GB"",""ssd"":""512GB"",""price"":18800000},{""label"":""i7 / Quadro T2000"",""cpu"":""i7-10750H"",""gpu"":""NVIDIA Quadro T2000 4GB"",""ram"":""32GB"",""ssd"":""512GB"",""price"":16500000},{""label"":""i9 / Quadro T2000"",""cpu"":""i9-10885H"",""gpu"":""NVIDIA Quadro T2000 4GB"",""ram"":""16GB"",""ssd"":""512GB"",""price"":16500000},{""label"":""i7 / RTX 3000"",""cpu"":""i7-10850H"",""gpu"":""NVIDIA RTX 3000 6GB"",""ram"":""32GB"",""ssd"":""512GB"",""price"":17500000}]",#255f85,/product-images/058-dell-precision-7550-i7-quadro-t2000-1-f4b3e815bf80.png,https://nextgold.vn/dell-precision-7550/
33,"Dell Latitude 5421 – i7-11850H, RAM 16GB, SSD 512GB, Giá Chỉ 11.5 Triệu",laptop-cu,Dell,catalog,i7-11850H,Intel Integrated Graphics,16GB,512GB,"14""",64,4-6 giờ,office,3,"4,7",12,Hàng tuyển chọn tại Laptop OSCAR,Laptop OSCAR selected device,11.500.000,12500000,Máy cũ,Máy cũ,Liên hệ xác nhận hàng,Contact to confirm,"i7-11850H | 16GB RAM | 512GB SSD | 14""","i7-11850H | 16GB RAM | 512GB SSD | 14""",,#255f85,/product-images/055-dell-latitude-5421-i7-11850h-1-18fb8a9be7bd.png,https://nextgold.vn/dell-latitude-5421/
34,"ThinkPad X1 Nano Gen 1 – i7-1160G7, RAM 16GB, Màn 2K, Giá Chỉ 14.8 Triệu",laptop-cu,Lenovo,catalog,i7-1160G7,Intel Iris Xe Graphics,16GB,256GB,"13""",48,3-5 giờ,student,3,"4,7",12,Hàng tuyển chọn tại Laptop OSCAR,Laptop OSCAR selected device,14.800.000,16800000,Máy cũ,Máy cũ,Liên hệ xác nhận hàng,Contact to confirm,"i7-1160G7 | 16GB RAM | 256GB SSD | 13"" 2K","i7-1160G7 | 16GB RAM | 256GB SSD | 13"" 2K",,#f15a24,/product-images/063-thinkpad-x1-nano-i7-1160g7-2-02defc6464b5.png,https://nextgold.vn/thinkpad-x1-nano-gen-1/
35,"Dell Latitude 7490 – i5-8350U, RAM 16GB, SSD 256GB, Giá Chỉ 6.5 Triệu",laptop-cu,Dell,catalog,i5-8350U,Intel UHD Graphics 620,16GB,256GB,"14""",60,4-6 giờ,office,3,"4,7",12,Hàng tuyển chọn tại Laptop OSCAR,Laptop OSCAR selected device,6.500.000,7500000,Máy cũ,Máy cũ,Liên hệ xác nhận hàng,Contact to confirm,"i5-8350U | 16GB RAM | 256GB SSD | 14""","i5-8350U | 16GB RAM | 256GB SSD | 14""",,#255f85,/product-images/056-dell-latitude-7490-i5-8350u-1-9dc296738555.jpg,https://nextgold.vn/dell-latitude-7490/
36,"ThinkPad X13 – i7-10610U, RAM 16GB, Màn Cảm Ứng, Giá Chỉ 8.8 Triệu",laptop-cu,Lenovo,catalog,i7-10610U,Intel UHD Graphics 620,16GB,256GB,"13.3""",48,3-5 giờ,student,3,"4,7",12,Hàng tuyển chọn tại Laptop OSCAR,Laptop OSCAR selected device,8.800.000,9800000,Máy cũ,Máy cũ,Liên hệ xác nhận hàng,Contact to confirm,"i7-10610U | 16GB RAM | 256GB SSD | 13.3"" Touch","i7-10610U | 16GB RAM | 256GB SSD | 13.3"" Touch",,#f15a24,/product-images/064-thinkpad-x13-i7-10610u-1-df340f148473.jpg,https://nextgold.vn/thinkpad-x13/
37,"ThinkPad T14 – i5-10310U, RAM 16GB, SSD 512GB, Giá Chỉ 7.8 Triệu",laptop-cu,Lenovo,catalog,i5-10310U,Intel UHD Graphics 620,16GB,512GB,"14""",50,4-7 giờ,office,3,"4,7",12,Hàng tuyển chọn tại Laptop OSCAR,Laptop OSCAR selected device,7.800.000,8800000,Máy cũ,Máy cũ,Liên hệ xác nhận hàng,Contact to confirm,"i5-10310U | 16GB RAM | 512GB SSD | 14""","i5-10310U | 16GB RAM | 512GB SSD | 14""",,#f15a24,/product-images/061-thinkpad-t14-i5-10310u-1-3b0a7990900a.png,https://nextgold.vn/thinkpad-t14/
38,"Dell Precision 5560 – Xeon W-11955M, RTX A2000, Màn 4K Touch, Giá 23.6 Triệu",laptop-cu,Dell,catalog,Xeon W-11955M,RTX A2000,8GB,256GB,"15.6""",86,2-4 giờ,gaming,3,"4,7",12,Hàng tuyển chọn tại Laptop OSCAR,Laptop OSCAR selected device,23.600.000,24600000,Máy cũ,Máy cũ,Liên hệ xác nhận hàng,Contact to confirm,"Xeon W-11955M | 8GB RAM | 256GB SSD | 15.6"" Touch 4K","Xeon W-11955M | 8GB RAM | 256GB SSD | 15.6"" Touch 4K",,#255f85,/product-images/086-dell-precision-5560-nextgold-3-57de226f1734.png,https://nextgold.vn/dell-precision-5560-xeon-w-11955m-rtx-a2000/
39,"ThinkPad P73 – i7-9850H, RTX 3000, Màn 17″, Hiệu Năng Cao",laptop-cu,Lenovo,catalog,i7-9850H,RTX 3000,8GB,256GB,"17""",99,2-4 giờ,gaming,3,"4,7",12,Hàng tuyển chọn tại Laptop OSCAR,Laptop OSCAR selected device,13.800.000,14800000,Máy cũ,Máy cũ,Liên hệ xác nhận hàng,Contact to confirm,"i7-9850H | 8GB RAM | 256GB SSD | 17"" | RTX 3000","i7-9850H | 8GB RAM | 256GB SSD | 17"" | RTX 3000",,#f15a24,/product-images/060-thinkpad-p73-1-979f62f84008.png,https://nextgold.vn/thinkpad-p73/
40,"Dell Latitude 5411 – i7-10850H, RAM 16GB, SSD 256GB, Giá 8.8 Triệu",laptop-cu,Dell,catalog,i7-10850H,Intel UHD Graphics 630,16GB,256GB,"14""",68,4-6 giờ,office,3,"4,7",12,Hàng tuyển chọn tại Laptop OSCAR,Laptop OSCAR selected device,8.800.000,9800000,Máy cũ,Máy cũ,Liên hệ xác nhận hàng,Contact to confirm,"i7-10850H | 16GB RAM | 256GB SSD | 14""","i7-10850H | 16GB RAM | 256GB SSD | 14""",,#255f85,/product-images/054-dell-latitude-5411-1-95c2fee26809.png,https://nextgold.vn/dell-latitude-5411/
41,"ThinkPad X1 Carbon Gen 8 – i7-10610U, RAM 16GB, Màn 2K, Giá 12.8 Triệu",laptop-cu,Lenovo,catalog,i7-10610U,Intel UHD Graphics 620,16GB,256GB,"14""",51,3-5 giờ,student,3,"4,7",12,Hàng tuyển chọn tại Laptop OSCAR,Laptop OSCAR selected device,12.800.000,13800000,Máy cũ,Máy cũ,Liên hệ xác nhận hàng,Contact to confirm,"i7-10610U | 16GB RAM | 256GB SSD | 14"" 2K","i7-10610U | 16GB RAM | 256GB SSD | 14"" 2K",,#f15a24,/product-images/062-thinkpad-x1-carbon-gen-8-1-915adee9768c.png,https://nextgold.vn/thinkpad-x1-carbon-gen-8/
42,"Dell XPS 13 7390 – i7-1065G7, RAM 16GB, 4K Touch, Nhôm Cao Cấp",laptop-cu,Dell,catalog,i7-1065G7,Intel Iris Plus Graphics,16GB,256GB,"13.3""",52,3-5 giờ,creator,3,"4,7",12,Hàng tuyển chọn tại Laptop OSCAR,Laptop OSCAR selected device,13.500.000,14500000,Máy cũ,Máy cũ,Liên hệ xác nhận hàng,Contact to confirm,"i7-1065G7 | 16GB RAM | 256GB SSD | 13.3"" Touch 4K","i7-1065G7 | 16GB RAM | 256GB SSD | 13.3"" Touch 4K",,#255f85,/product-images/059-dell-xps-13-7390-1-7f0a2e82c533.png,https://nextgold.vn/dell-xps-13-7390/
43,ThinkPad X1 Yoga Gen 4 | Laptop Doanh Nhân 2in1 Cao Cấp Chính Hãng,laptop-cu,Lenovo,catalog,i7-8665U,Intel UHD Graphics 620,8GB,256GB,"14""",51,3-5 giờ,student,3,"4,7",12,Hàng tuyển chọn tại Laptop OSCAR,Laptop OSCAR selected device,9.600.000,10600000,Máy cũ,Máy cũ,Liên hệ xác nhận hàng,Contact to confirm,"i7-8665U | 8GB RAM | 256GB SSD | 14"" 2-in-1","i7-8665U | 8GB RAM | 256GB SSD | 14"" 2-in-1",,#f15a24,/product-images/065-thinkpad-x1-yoga-1-cccb157dc288.png,https://nextgold.vn/thinkpad-x1-yoga-gen-4/
44,"Dell Latitude 9420 Máy cũ i7-1185G8, RAM 16GB, 1TB NVMe, Màn 2K Cảm Ứng",laptop-cu,Dell,catalog,i7-1185G8,Intel Iris Xe Graphics,16GB,1TB,"14"" 2K",60,4-6 giờ,office,3,"4,7",12,Hàng tuyển chọn tại Laptop OSCAR,Laptop OSCAR selected device,15.800.000,16800000,Máy cũ,Máy cũ,Liên hệ xác nhận hàng,Contact to confirm,"i7-1185G8 | 16GB RAM | 1TB SSD | 14"" 2K Touch 2K","i7-1185G8 | 16GB RAM | 1TB SSD | 14"" 2K Touch 2K",,#255f85,/product-images/057-dell-latitude-9420-1-814c22606da3.png,https://nextgold.vn/dell-latitude-9420/
45,"HP EliteBook 840 G8 – Ultrabook Mỏng Nhẹ, Hiệu Suất Cao, Nhôm Cao Cấp",laptop-cu,HP,catalog,i5-1135G7,Intel Iris Xe Graphics,8GB,256GB,"14""",53,4-7 giờ,student,3,"4,7",12,Hàng tuyển chọn tại Laptop OSCAR,Laptop OSCAR selected device,9.500.000,10450000,Máy cũ,Máy cũ,Liên hệ xác nhận hàng,Contact to confirm,"i5-1135G7 | 8GB RAM | 256GB SSD | 14""","i5-1135G7 | 8GB RAM | 256GB SSD | 14""",,#4a5568,/product-images/049-hp-elitebook-840g8-8-30b1d2b65214.png,https://nextgold.vn/hp-elitebook-840-g8/
46,ThinkPad T14 Gen 2 – Laptop Doanh Nhân Mạnh Mẽ,laptop-cu,Lenovo,catalog,i5-1145G7,Intel Iris Xe Graphics,8GB,256GB,"14""",50,4-7 giờ,office,3,"4,7",12,Hàng tuyển chọn tại Laptop OSCAR,Laptop OSCAR selected device,9.800.000,10780000,Máy cũ,Máy cũ,Liên hệ xác nhận hàng,Contact to confirm,"i5-1145G7 | 8GB RAM | 256GB SSD | 14""","i5-1145G7 | 8GB RAM | 256GB SSD | 14""",,#f15a24,/product-images/052-thinkpad-t14-gen-2-core-i5-1145g7-1-273f01616ee9.png,https://nextgold.vn/thinkpad-t14-gen-2/
47,"ThinkPad P15 – i7-10850H, RAM 32GB, GPU Quadro T2000, Giá Chỉ 15.5 Triệu",laptop-cu,Lenovo,catalog,i7-10850H,Quadro T2000,32GB,256GB,"15.6""",94,2-4 giờ,render,3,"4,7",12,Hàng tuyển chọn tại Laptop OSCAR,Laptop OSCAR selected device,15.500.000,16500000,Máy cũ,Máy cũ,Liên hệ xác nhận hàng,Contact to confirm,"i7-10850H | 32GB RAM | 256GB SSD | 15.6"" | Quadro T2000","i7-10850H | 32GB RAM | 256GB SSD | 15.6"" | Quadro T2000",,#f15a24,/product-images/096-thinkpad-p15-i7-10850h-nextgold-1-0ecd73c2aea7.png,https://nextgold.vn/thinkpad-p15/
48,"Intel P142K – Laptop Giá Rẻ, Hiệu Năng Ổn Định",laptop-cu,Other,catalog,Intel N100,Intel UHD Graphics,8GB,256GB,"14"" 2K",45,3-5 giờ,office,3,"4,7",12,Hàng tuyển chọn tại Laptop OSCAR,Laptop OSCAR selected device,4.400.000,4840000,Máy cũ,Máy cũ,Liên hệ xác nhận hàng,Contact to confirm,"Intel N100 | 8GB RAM | 256GB SSD | 14"" 2K 2K","Intel N100 | 8GB RAM | 256GB SSD | 14"" 2K 2K",,#4a5568,/product-images/050-intel-p142k-2-599f336efcae.png,https://nextgold.vn/intel-p142k/
49,"HP EliteBook 840 G6 | Laptop HP Nhôm Cao Cấp, Cấu Hình Mạnh, i7-8665U, RAM 16GB, SSD 512GB",laptop-cu,HP,catalog,i7-8665U,Intel UHD Graphics 620,16GB,512GB,"14""",50,4-7 giờ,office,3,"4,7",12,Hàng tuyển chọn tại Laptop OSCAR,Laptop OSCAR selected device,7.800.000,9350000,Máy cũ,Máy cũ,Liên hệ xác nhận hàng,Contact to confirm,"i7-8665U | 16GB RAM | 512GB SSD | 14""","i7-8665U | 16GB RAM | 512GB SSD | 14""",,#4a5568,/product-images/048-hp-elitebook-840-g6-3-7e5a3a08a60a.png,https://nextgold.vn/hp-elitebook-840-g6/
50,"Dell Precision 5680 – Workstation Cao Cấp, Cấu Hình Đồ Họa Đỉnh Cao",laptop-cu,Dell,catalog,i7-13800H,NVIDIA RTX A1000 6GB,32GB,512GB,"16""",99,2-4 giờ,render,3,"4,7",12,Hàng tuyển chọn tại Laptop OSCAR,Laptop OSCAR selected device,31.500.000,34650000,Máy cũ,Máy cũ,Liên hệ xác nhận hàng,Contact to confirm,"i7-13800H | 8GB RAM | 256GB SSD | 16""","i7-13800H | 8GB RAM | 256GB SSD | 16""",,#255f85,/product-images/047-dell-precision-5680-1-437ed474f002.png,https://nextgold.vn/dell-precision-5680/
51,"Dell Precision 5560 – i7-11850H, RAM 16/32GB, Tùy Chọn Màn 4K/FullHD+, Giá Từ 19.8 Triệu",laptop-cu,Dell,catalog,i7-11850H,NVIDIA Quadro T1200 4GB,32GB,1TB,"15.6""",86,3-5 giờ,render,3,"4,7",12,Hàng tuyển chọn tại Laptop OSCAR,Laptop OSCAR selected device,19.800.000,20800000,Máy cũ,Máy cũ,Liên hệ xác nhận hàng,Contact to confirm,"i7-11850H | 32GB RAM | 256GB SSD | 15.6"" 4K","i7-11850H | 32GB RAM | 256GB SSD | 15.6"" 4K","[{""label"":""16GB / FullHD+"",""cpu"":""i7-11850H"",""gpu"":""NVIDIA Quadro T1200 4GB"",""ram"":""16GB"",""ssd"":""1TB"",""screen"":""15.6” FullHD+"",""price"":19800000},{""label"":""32GB / 4K Touch"",""cpu"":""i7-11850H"",""gpu"":""NVIDIA Quadro T1200 4GB"",""ram"":""32GB"",""ssd"":""1TB"",""screen"":""15.6” 4K Touch"",""price"":21800000}]",#255f85,/product-images/087-dell-precision-5560-nextgold-4-f2085b4d0e87.png,https://nextgold.vn/dell-precision-5560/
52,"Dell Precision 5550 – Workstation i7/i9, Màn 4K/FHD+, RAM 32GB, Giá Từ 16.5 Triệu",laptop-cu,Dell,catalog,i7/i9 Gen 10,NVIDIA T1000 4GB,32GB,512GB,"15.6""",86,3-5 giờ,render,3,"4,7",12,Hàng tuyển chọn tại Laptop OSCAR,Laptop OSCAR selected device,16.500.000,18500000,Máy cũ,Máy cũ,Liên hệ xác nhận hàng,Contact to confirm,"i7/i9 Gen 10 | 32GB RAM | 256GB SSD | 15.6"" 4K","i7/i9 Gen 10 | 32GB RAM | 256GB SSD | 15.6"" 4K","[{""label"":""i7 / FHD+ / T1000"",""cpu"":""i7-10850H"",""gpu"":""NVIDIA T1000 4GB"",""ram"":""32GB"",""ssd"":""512GB"",""screen"":""15.6” FullHD+"",""price"":16500000},{""label"":""i7 / 4K Touch / T1000"",""cpu"":""i7-10850H"",""gpu"":""NVIDIA Quadro T1000 4GB"",""ram"":""32GB"",""ssd"":""512GB"",""screen"":""15.6” 4K Touch"",""price"":17500000},{""label"":""i9 / FHD+ / T2000"",""cpu"":""i9-10885H"",""gpu"":""NVIDIA Quadro T2000 4GB"",""ram"":""32GB"",""ssd"":""512GB"",""screen"":""15.6” FullHD+"",""price"":17500000}]",#255f85,/product-images/046-dell-precision-5550-nextgold-4-9cc5a9a6e4a2.png,https://nextgold.vn/dell-precision-5550/
53,Dell Latitude 7200 – Laptop 2-in-1 Linh Hoạt,laptop-cu,Dell,catalog,i5-8365U,Intel UHD Graphics 620,8GB,256GB,"12.5""",38,3-5 giờ,office,3,"4,7",12,Hàng tuyển chọn tại Laptop OSCAR,Laptop OSCAR selected device,8.500.000,9350000,Máy cũ,Máy cũ,Liên hệ xác nhận hàng,Contact to confirm,"i5-8365U | 8GB RAM | 256GB SSD | 12.5"" 2-in-1","i5-8365U | 8GB RAM | 256GB SSD | 12.5"" 2-in-1",,#255f85,/product-images/043-dell-latitude-7200-11-79e5ef95b2f1.png,https://nextgold.vn/dell-latitude-7200/
54,"Dell Latitude 5410 – i7-10610U, RAM 16GB, Giá Chỉ 8.8 Triệu",laptop-cu,Dell,catalog,i7-10610U,Intel UHD Graphics 620,16GB,256GB,"14""",68,4-6 giờ,office,3,"4,7",12,Hàng tuyển chọn tại Laptop OSCAR,Laptop OSCAR selected device,8.800.000,10560000,Máy cũ,Máy cũ,Liên hệ xác nhận hàng,Contact to confirm,"i7-10610U | 16GB RAM | 256GB SSD | 14""","i7-10610U | 16GB RAM | 256GB SSD | 14""",,#255f85,/product-images/039-dell-latitude-5410-i7-10610u-1-21740870b064.png,https://nextgold.vn/dell-latitude-5410/
55,Dell Latitude 5400 – Laptop Văn Phòng Đa Năng,laptop-cu,Dell,catalog,i5-8265U,Intel UHD Graphics 620,8GB,256GB,"14""",68,4-6 giờ,office,3,"4,7",12,Hàng tuyển chọn tại Laptop OSCAR,Laptop OSCAR selected device,5.800.000,6380000,Máy cũ,Máy cũ,Liên hệ xác nhận hàng,Contact to confirm,"i5-8265U | 8GB RAM | 256GB SSD | 14""","i5-8265U | 8GB RAM | 256GB SSD | 14""",,#255f85,/product-images/038-dell-latitude-5400-1-310f6fd0033b.png,https://nextgold.vn/dell-latitude-5400/
56,"Dell Latitude 5320 – Laptop Văn Phòng Cao Cấp, i7-1185G7, Xoay Gập Cảm Ứng",laptop-cu,Dell,catalog,i7-1185G7,Intel Iris Xe Graphics,8GB,256GB,"13.3""",42,3-5 giờ,office,3,"4,7",12,Hàng tuyển chọn tại Laptop OSCAR,Laptop OSCAR selected device,9.800.000,10600000,Máy cũ,Máy cũ,Liên hệ xác nhận hàng,Contact to confirm,"i7-1185G7 | 8GB RAM | 256GB SSD | 13.3"" Touch 2-in-1","i7-1185G7 | 8GB RAM | 256GB SSD | 13.3"" Touch 2-in-1",,#255f85,/product-images/037-dell-latitude-5320-touch-1-ce9f03eef1c6.png,https://nextgold.vn/dell-latitude-5320/
57,Dell Inspiron 16 Plus 7630 – Laptop Đồ Họa Cao Cấp,laptop-cu,Dell,catalog,i7-13700H,Intel Iris Xe Graphics,32GB,1TB,"16""",86,3-5 giờ,render,3,"4,7",12,Hàng tuyển chọn tại Laptop OSCAR,Laptop OSCAR selected device,18.800.000,20680000,Máy cũ,Máy cũ,Liên hệ xác nhận hàng,Contact to confirm,"i7-13700H | 8GB RAM | 256GB SSD | 16""","i7-13700H | 8GB RAM | 256GB SSD | 16""",,#255f85,/product-images/035-dell-inspiron-16-plus-7630-8-abeee640133c.png,https://nextgold.vn/dell-inspiron-16-plus-7630/
58,Dell Inspiron 14 5410 – Laptop Văn Phòng Linh Hoạt,laptop-cu,Dell,catalog,i5-11320H,Intel Integrated Graphics,8GB,256GB,"14""",54,4-7 giờ,office,3,"4,7",12,Hàng tuyển chọn tại Laptop OSCAR,Laptop OSCAR selected device,12.800.000,14080000,Máy cũ,Máy cũ,Liên hệ xác nhận hàng,Contact to confirm,"i5-11320H | 8GB RAM | 256GB SSD | 14""","i5-11320H | 8GB RAM | 256GB SSD | 14""",,#255f85,/product-images/034-dell-inspiron-14-5410-111-c11172ad68a2.png,https://nextgold.vn/dell-inspiron-14-5410/
59,Dell Inspiron 7460 – Laptop Giải Trí Đa Năng,laptop-cu,Dell,catalog,i5-7200U,Intel HD Graphics 620,8GB,256GB,"14"" FHD",42,3-5 giờ,office,3,"4,7",12,Hàng tuyển chọn tại Laptop OSCAR,Laptop OSCAR selected device,6.800.000,7480000,Máy cũ,Máy cũ,Liên hệ xác nhận hàng,Contact to confirm,"i5-7200U | 8GB RAM | 256GB SSD | 14"" FHD","i5-7200U | 8GB RAM | 256GB SSD | 14"" FHD",,#255f85,/product-images/036-dell-inspiron-7460-i7-7200u-3-01f1e8360f03.png,https://nextgold.vn/dell-inspiron-7460/
60,Dell Latitude 7420 – Laptop Văn Phòng Cao Cấp,laptop-cu,Dell,catalog,i5-1145G7,Intel Iris Xe Graphics,8GB,256GB,"14""",63,4-6 giờ,office,3,"4,7",12,Hàng tuyển chọn tại Laptop OSCAR,Laptop OSCAR selected device,11.800.000,11800000,Máy cũ,Máy cũ,Liên hệ xác nhận hàng,Contact to confirm,"i5-1145G7 | 8GB RAM | 256GB SSD | 14""","i5-1145G7 | 8GB RAM | 256GB SSD | 14""",,#255f85,/product-images/045-dell-latitude-7420-1-7a5d8e696455.png,https://nextgold.vn/dell-latitude-7420/
61,Dell Latitude 7400 – Laptop Văn Phòng Mỏng Nhẹ,laptop-cu,Dell,catalog,i5-8365U,Intel UHD Graphics 620,8GB,256GB,"14""",60,4-6 giờ,student,3,"4,7",12,Hàng tuyển chọn tại Laptop OSCAR,Laptop OSCAR selected device,7.800.000,8580000,Máy cũ,Máy cũ,Liên hệ xác nhận hàng,Contact to confirm,"i5-8365U | 8GB RAM | 256GB SSD | 14""","i5-8365U | 8GB RAM | 256GB SSD | 14""",,#255f85,/product-images/044-dell-latitude-7400-i7-8665u-1-3122d98390d0.png,https://nextgold.vn/dell-latitude-7400/
62,"Dell Latitude 5491 – i7-8850H, VGA 2GB, RAM 16GB, SSD 256GB, 14” FullHD",laptop-cu,Dell,catalog,i7-8850H,VGA 2GB,16GB,256GB,"14""",68,4-6 giờ,office,3,"4,7",12,Hàng tuyển chọn tại Laptop OSCAR,Laptop OSCAR selected device,7.500.000,9500000,Máy cũ,Máy cũ,Liên hệ xác nhận hàng,Contact to confirm,"i7-8850H | 16GB RAM | 256GB SSD | 14"" FHD","i7-8850H | 16GB RAM | 256GB SSD | 14"" FHD",,#255f85,/product-images/042-dell-latitude-5491-i7-8850h-1-1-c307b4453106.png,https://nextgold.vn/dell-latitude-5491/
63,Dell Latitude 5480 i5 – Hiệu Năng Tốt Với Giá Hợp Lý,laptop-cu,Dell,catalog,i5-7300U,Intel HD Graphics 620,8GB,256GB,"14""",68,4-6 giờ,office,3,"4,7",12,Hàng tuyển chọn tại Laptop OSCAR,Laptop OSCAR selected device,5.800.000,6380000,Máy cũ,Máy cũ,Liên hệ xác nhận hàng,Contact to confirm,"i5-7300U | 8GB RAM | 256GB SSD | 14""","i5-7300U | 8GB RAM | 256GB SSD | 14""",,#255f85,/product-images/041-dell-latitude-5480-i7-7600u-2-3fda7bc136fc.png,https://nextgold.vn/dell-latitude-5480-i5/
64,Dell Latitude 5480 i7 – Laptop Doanh Nhân Mạnh Mẽ,laptop-cu,Dell,catalog,i7-7600U,Intel HD Graphics 620,8GB,256GB,"14""",68,4-6 giờ,office,3,"4,7",12,Hàng tuyển chọn tại Laptop OSCAR,Laptop OSCAR selected device,6.800.000,7480000,Máy cũ,Máy cũ,Liên hệ xác nhận hàng,Contact to confirm,"i7-7600U | 8GB RAM | 256GB SSD | 14""","i7-7600U | 8GB RAM | 256GB SSD | 14""",,#255f85,/product-images/040-dell-latitude-5480-i7-7600u-1-d1f8e0d3be31.png,https://nextgold.vn/dell-latitude-5480-i7/
65,Dell Gaming G7 7588 – Laptop Chơi Game Hiệu Năng Cao,laptop-cu,Dell,catalog,i7-8750H,NVIDIA GTX 1050Ti 4GB,16GB,256GB + HDD 1TB,"15.6""",56,4-7 giờ,gaming,3,"4,7",12,Hàng tuyển chọn tại Laptop OSCAR,Laptop OSCAR selected device,7.800.000,8580000,Máy cũ,Máy cũ,Liên hệ xác nhận hàng,Contact to confirm,"i7-8750H | 8GB RAM | 256GB SSD | 15.6""","i7-8750H | 8GB RAM | 256GB SSD | 15.6""",,#255f85,/product-images/033-dell-gaming-g7-7588-2-1-101c7c37630a.png,https://nextgold.vn/dell-gaming-g7-7588/
66,Apple MacBook Air 13 2017 – Laptop Siêu Mỏng Nhẹ Và Sang Trọng,laptop-cu,Apple,catalog,i5-5350U,Intel HD Graphics 6000,8GB,256GB,"13""",54,4-7 giờ,student,3,"4,7",12,Hàng tuyển chọn tại Laptop OSCAR,Laptop OSCAR selected device,6.600.000,7260000,Máy cũ,Máy cũ,Liên hệ xác nhận hàng,Contact to confirm,"i5-5350U | 8GB RAM | 256GB SSD | 13""","i5-5350U | 8GB RAM | 256GB SSD | 13""",,#4a5568,/product-images/032-apple-macbook-air-13-2017-3-04481455180a.png,https://nextgold.vn/apple-macbook-air-13-2017/
67,"Vietmap Live Pro – Dẫn Đường Thông Minh, Chỉ Từ 1.2K/Ngày",phu-kien,Vietmap,catalog,N/A,Intel Integrated Graphics,8GB,256GB,N/A,,,office,3,"4,7",12,Hàng tuyển chọn tại Laptop OSCAR,Laptop OSCAR selected device,450,590,Máy cũ,Máy cũ,Liên hệ xác nhận hàng,Contact to confirm,Vietmap | Liên hệ cấu hình | Hàng theo catalog,Vietmap | Liên hệ cấu hình | Hàng theo catalog,,#4a5568,/product-images/053-vietmap-live-chinh-hang-next-gold-c3ce1947c47f.png,https://nextgold.vn/vietmap-live-pro/
68,Dell Precision 5550 i7-10750H/32Gb Ram/512Gb Nvme/T1000 4Gb/15.6” FullHD+,laptop-cu,Dell,catalog,i7-10750H,T1000 4Gb,32GB,512GB,"15.6""",86,3-5 giờ,render,3,"4,7",12,Hàng tuyển chọn tại Laptop OSCAR,Laptop OSCAR selected device,15.800.000,17700000,Máy cũ,Máy cũ,Liên hệ xác nhận hàng,Contact to confirm,"i7-10750H | 32GB RAM | 512GB SSD | 15.6"" FHD | T1000 4Gb","i7-10750H | 32GB RAM | 512GB SSD | 15.6"" FHD | T1000 4Gb",,#255f85,/product-images/007-010b60cb4a184bd5ab9b6a20cea0eabd-11f2410656db.jpg,https://hienhuy.vn/891b019ec55505f3d8053f4f9efb8f03
69,"Dell Latitude 5420 i7-1165G7/16Gb Ram/256Gb Nvme/14"" FullHD IPS",laptop-cu,Dell,catalog,i7-1165G7,Intel Iris Xe Graphics,16GB,256GB,"14""",63,4-6 giờ,office,3,"4,7",12,Hàng tuyển chọn tại Laptop OSCAR,Laptop OSCAR selected device,9.500.000,10600000,Máy cũ,Máy cũ,Liên hệ xác nhận hàng,Contact to confirm,"i7-1165G7 | 16GB RAM | 256GB SSD | 14"" FHD","i7-1165G7 | 16GB RAM | 256GB SSD | 14"" FHD",,#255f85,/product-images/012-315bf96a05484918a158c4ed3e2b17de-103abd77ff7e.jpg,https://hienhuy.vn/891b019ec55505f3d8053f4f9efb8f03
70,Dell Precision 3551 i7-10850H/16Gb Ram 3200mhz/512Gb Nvme/Nvidia P620 4Gb/15.6” FullHD IPS,laptop-cu,Dell,catalog,i7-10850H,NVIDIA P620 4Gb,16GB,512GB,"15.6""",68,4-6 giờ,render,3,"4,7",12,Hàng tuyển chọn tại Laptop OSCAR,Laptop OSCAR selected device,10.500.000,11800000,Máy cũ,Máy cũ,Liên hệ xác nhận hàng,Contact to confirm,"i7-10850H | 16GB RAM | 512GB SSD | 15.6"" FHD | P620 4Gb","i7-10850H | 16GB RAM | 512GB SSD | 15.6"" FHD | P620 4Gb",,#255f85,/product-images/015-d742d435460d42f2a7dbe7352615122c-8c8adacfd644.jpg,https://hienhuy.vn/891b019ec55505f3d8053f4f9efb8f03
71,Dell Latitude 5420 intel i5-1145G7/16Gb Ram/256Gb Nvme/14” FullHD,laptop-cu,Dell,catalog,i5-1145G7,Intel Iris Xe Graphics,16GB,256GB,"14""",63,4-6 giờ,office,3,"4,7",12,Hàng tuyển chọn tại Laptop OSCAR,Laptop OSCAR selected device,8.500.000,9500000,Máy cũ,Máy cũ,Liên hệ xác nhận hàng,Contact to confirm,"i5-1145G7 | 16GB RAM | 256GB SSD | 14"" FHD","i5-1145G7 | 16GB RAM | 256GB SSD | 14"" FHD",,#255f85,/product-images/010-8521c496d5b34455890681ce30429bb0-68ccef519903.jpg,https://hienhuy.vn/891b019ec55505f3d8053f4f9efb8f03
72,Dell Precision 7560 i7-11850H/32Gb Ram/512Gb Nvme/RTX A3000 6Gb/15.6” FullHD,laptop-cu,Dell,catalog,i7-11850H,RTX A3000 6Gb,32GB,512GB,"15.6""",95,2-4 giờ,gaming,3,"4,7",12,Hàng tuyển chọn tại Laptop OSCAR,Laptop OSCAR selected device,21.500.000,24100000,Máy cũ,Máy cũ,Liên hệ xác nhận hàng,Contact to confirm,"i7-11850H | 32GB RAM | 512GB SSD | 15.6"" FHD | RTX A3000 6Gb","i7-11850H | 32GB RAM | 512GB SSD | 15.6"" FHD | RTX A3000 6Gb",,#255f85,/product-images/006-a7a94c0c4917412a80fd58937576d93a-b6ef3c543c6f.jpg,https://hienhuy.vn/891b019ec55505f3d8053f4f9efb8f03
73,Dell Latitude 5531 i7-12800H/16Gb Ram/256 Nvme/Nvidia MX550 2Gb/15.6” FullHD IPS,laptop-cu,Dell,catalog,i7-12800H,NVIDIA MX550 2Gb,16GB,256GB,"15.6""",64,4-6 giờ,office,3,"4,7",12,Hàng tuyển chọn tại Laptop OSCAR,Laptop OSCAR selected device,14.500.000,16200000,Máy cũ,Máy cũ,Liên hệ xác nhận hàng,Contact to confirm,"i7-12800H | 16GB RAM | 256GB SSD | 15.6"" FHD | MX550 2Gb","i7-12800H | 16GB RAM | 256GB SSD | 15.6"" FHD | MX550 2Gb",,#255f85,/product-images/013-42b68a3a95aa4c55bf4e5cc8826776d3-126a5e458d18.jpg,https://hienhuy.vn/891b019ec55505f3d8053f4f9efb8f03
74,Dell Precision 7560 i7-11800H/32Gb Ram/512Gb Nvme/RTX A3000 6Gb/15.6” FullHD,laptop-cu,Dell,catalog,i7-11800H,RTX A3000 6Gb,32GB,512GB,"15.6""",95,2-4 giờ,gaming,3,"4,7",12,Hàng tuyển chọn tại Laptop OSCAR,Laptop OSCAR selected device,22.500.000,25200000,Máy cũ,Máy cũ,Liên hệ xác nhận hàng,Contact to confirm,"i7-11800H | 32GB RAM | 512GB SSD | 15.6"" FHD | RTX A3000 6Gb","i7-11800H | 32GB RAM | 512GB SSD | 15.6"" FHD | RTX A3000 6Gb",,#255f85,/product-images/002-00cfd4a28de149dcaedd6693bda99662-2e5b2a22b785.jpg,https://hienhuy.vn/891b019ec55505f3d8053f4f9efb8f03
75,Dell Precision 7530 i7-8850H/16Gb Ram/512Gb Nvme/Quadro P1000 4Gb/15.6” FullHD Cảm Ứng,laptop-cu,Dell,catalog,i7-8850H,Quadro P1000 4Gb,16GB,512GB,"15.6""",97,2-4 giờ,render,3,"4,7",12,Hàng tuyển chọn tại Laptop OSCAR,Laptop OSCAR selected device,9.500.000,10600000,Máy cũ,Máy cũ,Liên hệ xác nhận hàng,Contact to confirm,"i7-8850H | 16GB RAM | 512GB SSD | 15.6"" Touch FHD | Quadro P1000","i7-8850H | 16GB RAM | 512GB SSD | 15.6"" Touch FHD | Quadro P1000",,#255f85,/product-images/009-64b5bb00e38c4272b648498bda9945c8-97ed80d88ee2.jpg,https://hienhuy.vn/891b019ec55505f3d8053f4f9efb8f03
76,Dell Latitude 5430 intel i5-1245U/16Gb Ram/512Gb Nvme/14” FullHD,laptop-cu,Dell,catalog,i5-1245U,Intel Iris Xe Graphics,16GB,512GB,"14""",58,4-7 giờ,office,3,"4,7",12,Hàng tuyển chọn tại Laptop OSCAR,Laptop OSCAR selected device,9.900.000,11100000,Máy cũ,Máy cũ,Liên hệ xác nhận hàng,Contact to confirm,"i5-1245U | 16GB RAM | 512GB SSD | 14"" FHD","i5-1245U | 16GB RAM | 512GB SSD | 14"" FHD",,#255f85,/product-images/014-432f493a700245b4aac228cc099008ce-b001bc7dd859.jpg,https://hienhuy.vn/891b019ec55505f3d8053f4f9efb8f03
77,ThinkPad P1 Gen 2 i7-9850H/16Gb Ram/256Vb Nvme/Nvidia T1000 4Gb/15.6” 4K Touch,laptop-cu,Lenovo,catalog,i7-9850H,NVIDIA T1000 4Gb,16GB,256GB,"15.6""",80,3-5 giờ,creator,3,"4,7",12,Hàng tuyển chọn tại Laptop OSCAR,Laptop OSCAR selected device,11.800.000,13200000,Máy cũ,Máy cũ,Liên hệ xác nhận hàng,Contact to confirm,"i7-9850H | 16GB RAM | 256GB SSD | 15.6"" Touch 4K | T1000 4Gb","i7-9850H | 16GB RAM | 256GB SSD | 15.6"" Touch 4K | T1000 4Gb",,#f15a24,/product-images/005-1df6cc24a69d4506a2ffe4c822d24472-1f0990168a14.jpg,https://hienhuy.vn/dad09658d73b7ec783249b367751832b
78,ThinkPad T14 Gen 2 i5-1145G7/16Gb Ram/256Gb Nvme Samsung/14” FullHD,laptop-cu,Lenovo,catalog,i5-1145G7,Intel Iris Xe Graphics,16GB,256GB,"14""",50,4-7 giờ,office,3,"4,7",12,Hàng tuyển chọn tại Laptop OSCAR,Laptop OSCAR selected device,8.900.000,10000000,Máy cũ,Máy cũ,Liên hệ xác nhận hàng,Contact to confirm,"i5-1145G7 | 16GB RAM | 256GB SSD | 14"" FHD","i5-1145G7 | 16GB RAM | 256GB SSD | 14"" FHD",,#f15a24,/product-images/004-04cff73890af40e380c72ad4946491c5-0e0eb5514373.jpg,https://hienhuy.vn/dad09658d73b7ec783249b367751832b
79,ThinkPad X390 intel i7-10510U/16Gb Ram/256Gb Nvme/13.3” FullHD,laptop-cu,Lenovo,catalog,i7-10510U,Intel UHD Graphics 620,16GB,256GB,"13.3""",48,3-5 giờ,office,3,"4,7",12,Hàng tuyển chọn tại Laptop OSCAR,Laptop OSCAR selected device,7.800.000,8700000,Máy cũ,Máy cũ,Liên hệ xác nhận hàng,Contact to confirm,"i7-10510U | 16GB RAM | 256GB SSD | 13.3"" FHD","i7-10510U | 16GB RAM | 256GB SSD | 13.3"" FHD",,#f15a24,/product-images/003-3f60dc388cad44fc9961906a99fb6a6c-3d664d564c8e.jpg,https://hienhuy.vn/dad09658d73b7ec783249b367751832b
80,ThinkPad T14s i5-10310U i5-10310U/16Gb Ram/256Gb Nvme Samsung/14” FullHD Cảm Ứng,laptop-cu,Lenovo,catalog,i5-10310U,Intel UHD Graphics 620,16GB,256GB,"14""",57,4-7 giờ,office,3,"4,7",12,Hàng tuyển chọn tại Laptop OSCAR,Laptop OSCAR selected device,8.500.000,9500000,Máy cũ,Máy cũ,Liên hệ xác nhận hàng,Contact to confirm,"i5-10310U | 16GB RAM | 256GB SSD | 14"" Touch FHD","i5-10310U | 16GB RAM | 256GB SSD | 14"" Touch FHD",,#f15a24,/product-images/001-8a7ce1e7346340c593d6c7e5e482b45f-c46acafa7b91.jpg,https://hienhuy.vn/dad09658d73b7ec783249b367751832b
81,ThinkPad P1 Gen 4 i7-11800H/16Gb Ram/1Tb Nvme/RTX A2000 4Gb/15.6” 2K 500nit,laptop-cu,Lenovo,catalog,i7-11800H,RTX A2000 4Gb,16GB,1TB,"15.6""",90,2-4 giờ,gaming,3,"4,7",12,Hàng tuyển chọn tại Laptop OSCAR,Laptop OSCAR selected device,20.500.000,23000000,Máy cũ,Máy cũ,Liên hệ xác nhận hàng,Contact to confirm,"i7-11800H | 16GB RAM | 1TB SSD | 15.6"" 2K | RTX A2000 4Gb","i7-11800H | 16GB RAM | 1TB SSD | 15.6"" 2K | RTX A2000 4Gb",,#f15a24,/product-images/008-3e80e17e5a3745bb93b8378ba84e3f26-319a5113b13a.jpg,https://hienhuy.vn/dad09658d73b7ec783249b367751832b
82,ThinkPad T14s Gen 2 i7-1185G7/16Gb Ram/512Gb Nvme/14” FullHD,laptop-cu,Lenovo,catalog,i7-1185G7,Intel Iris Xe Graphics,16GB,512GB,"14""",57,4-7 giờ,office,3,"4,7",12,Hàng tuyển chọn tại Laptop OSCAR,Laptop OSCAR selected device,10.800.000,12100000,Máy cũ,Máy cũ,Liên hệ xác nhận hàng,Contact to confirm,"i7-1185G7 | 16GB RAM | 512GB SSD | 14"" FHD","i7-1185G7 | 16GB RAM | 512GB SSD | 14"" FHD",,#f15a24,/product-images/011-28a6a7e59065495dabc214db4afaa8b3-6d05944d8e1c.jpg,https://hienhuy.vn/dad09658d73b7ec783249b367751832b
